Parameter,Value
tumor_voxel_count,43601
voxel_volume_mm3,1.0
tumor_volume_mm3,43601.0
tumor_volume_cm3,43.601
bbox_x_voxels,95
bbox_y_voxels,70
bbox_z_voxels,60
bbox_x_mm,95.0
bbox_y_mm,70.0
bbox_z_mm,60.0
bbox_volume_mm3,399000.0
centroid_x_mm,151.27352583656338
centroid_y_mm,112.74913419416986
centroid_z_mm,58.014059310566275
min_x_voxel,84
max_x_voxel,178
min_y_voxel,87
max_y_voxel,156
min_z_voxel,31
max_z_voxel,90
pixel_area_mm2,1.0
tumor_slice_count,60
max_area_pixels,1800
max_area_mm2,1800.0
mean_area_pixels,726.6833333333333
mean_area_mm2,726.6833333333333
total_projected_area_pixels,43601
total_projected_area_mm2,43601.0
max_area_slice,58
extent_x_mm,95.0
extent_y_mm,70.0
extent_z_mm,60.0
connected_components,5
largest_component_volume_mm3,40724.0
largest_component_fraction,0.9340152748790166
surface_area_mm2,12176.6669921875
equivalent_spherical_diameter_mm,43.66826554560252
sphericity,0.49198666171963495
compactness,0.11908580211009771
bounding_box_fill_ratio,0.10927568922305765
