,dice,iou_jaccard,precision,sensitivity_recall,specificity,hd95_mm,assd_mm,ground_truth_volume_mm3,predicted_volume_mm3,relative_volume_error,volume_similarity
dice,1.0,1.0,0.5172932330827068,0.8977443609022555,-0.07969924812030083,-0.49924812030075205,-0.5233082706766917,0.6466165413533834,0.7699248120300752,-0.6601503759398497,0.6601503759398495
iou_jaccard,1.0,1.0,0.5172932330827068,0.8977443609022555,-0.07969924812030083,-0.49924812030075205,-0.5233082706766917,0.6466165413533834,0.7699248120300752,-0.6601503759398497,0.6601503759398495
precision,0.5172932330827068,0.5172932330827068,1.0,0.21052631578947364,0.7233082706766913,-0.8451127819548874,-0.8481203007518795,0.6285714285714286,0.5037593984962405,-0.019548872180451097,-0.04962406015037596
sensitivity_recall,0.8977443609022555,0.8977443609022555,0.21052631578947364,1.0,-0.36992481203007527,-0.20300751879699255,-0.22105263157894742,0.4992481203007517,0.6932330827067671,-0.7187969924812032,0.7609022556390979
specificity,-0.07969924812030083,-0.07969924812030083,0.7233082706766913,-0.36992481203007527,1.0,-0.6421052631578946,-0.6240601503759396,0.09022556390977436,-0.12330827067669181,0.42406015037593986,-0.5187969924812031
hd95_mm,-0.49924812030075205,-0.49924812030075205,-0.8451127819548874,-0.20300751879699255,-0.6421052631578946,1.0,0.9744360902255639,-0.5067669172932332,-0.3518796992481204,0.036090225563909846,0.03609022556390976
assd_mm,-0.5233082706766917,-0.5233082706766917,-0.8481203007518795,-0.22105263157894742,-0.6240601503759396,0.9744360902255639,1.0,-0.5533834586466166,-0.3804511278195491,0.04962406015037597,0.025563909774436153
ground_truth_volume_mm3,0.6466165413533834,0.6466165413533834,0.6285714285714286,0.4992481203007517,0.09022556390977436,-0.5067669172932332,-0.5533834586466166,1.0,0.9112781954887218,-0.12180451127819557,0.12330827067669173
predicted_volume_mm3,0.7699248120300752,0.7699248120300752,0.5037593984962405,0.6932330827067671,-0.12330827067669181,-0.3518796992481204,-0.3804511278195491,0.9112781954887218,1.0,-0.374436090225564,0.3969924812030077
relative_volume_error,-0.6601503759398497,-0.6601503759398497,-0.019548872180451097,-0.7187969924812032,0.42406015037593986,0.036090225563909846,0.04962406015037597,-0.12180451127819557,-0.374436090225564,1.0,-0.9879699248120299
volume_similarity,0.6601503759398495,0.6601503759398495,-0.04962406015037596,0.7609022556390979,-0.5187969924812031,0.03609022556390976,0.025563909774436153,0.12330827067669173,0.3969924812030077,-0.9879699248120299,1.0
