rank,patient_id,quality_tier,failure_mode,dice,iou_jaccard,precision,sensitivity_recall,hd95_mm,assd_mm,signed_relative_volume_error
1,BraTS20_Training_016,Excellent,None (excellent overlap),0.8880257789431123,0.7986028471946758,0.9239771549013276,0.8547673147835112,5.0,1.9520635499831684,-0.07490427631320319
2,BraTS20_Training_017,Excellent,None (excellent overlap),0.850433693819232,0.7397865518907286,0.8655095161754429,0.8358740745151749,6.48074069840786,2.5984411572128043,-0.03424045733341273
3,BraTS20_Training_006,Good,Under-segmentation (missed tumor),0.8181783650782263,0.6923027476412568,0.9920070411724372,0.696186166774402,7.0,2.2631770363552075,-0.29820440996911585
4,BraTS20_Training_004,Good,Over-segmentation (extra false positives),0.7952684258416742,0.6601208459214502,0.7237449978208328,0.8824785498956481,55.179253208097904,13.06822504538813,0.21932248589317463
5,BraTS20_Training_014,Good,Mixed (boundary errors),0.7837128212489309,0.6443485016866475,0.7547895810052648,0.8149410418428777,50.99019513592785,10.236431402588586,0.0796930195532116
6,BraTS20_Training_019,Good,Mixed (boundary errors),0.7828783267351656,0.6432210878598154,0.784637967019105,0.7811265611799895,33.37663853655727,5.681439909131599,-0.004475192364773843
7,BraTS20_Training_015,Good,Under-segmentation (missed tumor),0.7827277146646403,0.6430177735041409,0.9576279016052662,0.6618483960825944,5.916079783099616,2.3398885139991004,-0.30886684173138473
8,BraTS20_Training_001,Good,Under-segmentation (missed tumor),0.7421984040517063,0.5900758962641808,0.9874481904866372,0.5945353077427481,8.602325267042627,3.229156701951476,-0.3979073398780068
9,BraTS20_Training_002,Good,Over-segmentation (extra false positives),0.7266014843334431,0.5706002287532945,0.6310885730628768,0.8561813514804203,45.53020975132884,11.777039868366352,0.3566738299904489
10,BraTS20_Training_009,Good,Under-segmentation (missed tumor),0.7214279525171129,0.5642450528598536,0.925332558219061,0.5911608244945219,9.0,2.8073934229012707,-0.3611369023561668
11,BraTS20_Training_013,Good,Under-segmentation (missed tumor),0.7067867606111232,0.5465353578850799,0.8049802829330172,0.6299445391570815,43.30819562338575,5.78317913828095,-0.21744103239172188
12,BraTS20_Training_020,Moderate,Under-segmentation (missed tumor),0.6958221318026593,0.5335331543115648,0.961650851031782,0.5451316351216735,10.3440804327886,3.613672954941685,-0.43312935818983916
13,BraTS20_Training_007,Moderate,Under-segmentation (missed tumor),0.685449904275686,0.521433079275693,0.9377510040160644,0.5401287337825605,8.774964387392123,3.8250942083826858,-0.42401689630896106
14,BraTS20_Training_005,Moderate,Under-segmentation (missed tumor),0.6842912908870642,0.5200933049598953,0.8371097352127519,0.5786550106998133,36.069377593742864,6.220729431863308,-0.3087465282520603
15,BraTS20_Training_011,Moderate,Under-segmentation (missed tumor),0.6832408347544927,0.5188806372402228,0.7482780212899186,0.6286051151822963,44.829677378652846,9.34494448465198,-0.15993107201160892
16,BraTS20_Training_008,Moderate,Under-segmentation (missed tumor),0.5327260736954909,0.3630719964043933,0.8572091789361984,0.3864438198887759,10.246950765959598,3.086641079471954,-0.5491837588949351
17,BraTS20_Training_012,Poor,Mixed (boundary errors),0.4185192602977501,0.2646375955084638,0.4499551408577068,0.3911890424635736,58.89821729050889,19.24694397917301,-0.130604349318274
18,BraTS20_Training_018,Poor,Under-segmentation (missed tumor),0.4045262560675786,0.2535461693468726,0.7000109086942293,0.2844540981426481,17.204650534085253,4.773644463165231,-0.5936433352542223
19,BraTS20_Training_010,Poor,Under-segmentation (missed tumor),0.3422659015993163,0.2064661045034429,0.5353766828988828,0.2515364945493697,53.749418601506754,14.378385841541448,-0.5301691265533175
20,BraTS20_Training_003,Poor,Under-segmentation (missed tumor),0.2473597433269462,0.1411354910884544,0.3682255389718076,0.1862314221491595,51.94468060932879,12.8996655636467,-0.4942463179789982
