patient_id,patient_number,run_id,region,quality_tier,failure_mode,dice,dice_percentage,iou_jaccard,iou_percentage,bounding_box_iou,precision,sensitivity_recall,specificity,false_positive_rate,false_negative_rate,voxel_accuracy,true_positive_voxels,true_negative_voxels,false_positive_voxels,false_negative_voxels,predicted_voxel_count,ground_truth_voxel_count,predicted_volume_mm3,ground_truth_volume_mm3,predicted_volume_cm3,ground_truth_volume_cm3,absolute_volume_difference_mm3,relative_volume_error,volume_similarity,signed_volume_difference_mm3,signed_relative_volume_error,hd95_mm,assd_mm,source_file
BraTS20_Training_001,001,main_v1_001,WT,Good,Under-segmentation (missed tumor),0.7421984040517063,74.21984040517063,0.5900758962641808,59.00758962641808,0.7705616665436267,0.9874481904866372,0.5945353077427481,0.9998162005346248,0.0001837994653753,0.4054646922572519,0.9901935483870968,126029,8714419,1602,85950,127631,211979,127631.0,211979.0,127.631,211.979,84348.0,0.3979073398780068,0.751632755219222,-84348.0,-0.3979073398780068,8.602325267042627,3.229156701951476,BraTS20_Training_001_WT_evaluation.csv
BraTS20_Training_002,002,main_v1_002,WT,Good,Over-segmentation (extra false positives),0.7266014843334431,72.6601484333443,0.5706002287532945,57.06002287532945,0.3429517146373974,0.6310885730628768,0.8561813514804203,0.9962152093129076,0.0037847906870923,0.1438186485195797,0.9951642025089604,57371,8827455,33537,9637,90908,67008,90908.0,67008.0,90.908,67.008,23900.0,0.3566738299904489,0.8486537146330961,23900.0,0.3566738299904489,45.53020975132884,11.777039868366352,BraTS20_Training_002_WT_evaluation.csv
BraTS20_Training_003,003,main_v1_003,WT,Poor,Under-segmentation (missed tumor),0.2473597433269462,24.73597433269462,0.1411354910884544,14.113549108845442,0.192309149460125,0.3682255389718076,0.1862314221491595,0.9989296703274474,0.0010703296725526,0.8137685778508404,0.9962163978494624,5551,8888669,9524,24256,15075,29807,15075.0,29807.0,15.075,29.807,14732.0,0.4942463179789982,0.671761507954191,-14732.0,-0.4942463179789982,51.94468060932879,12.8996655636467,BraTS20_Training_003_WT_evaluation.csv
BraTS20_Training_004,004,main_v1_004,WT,Good,Over-segmentation (extra false positives),0.7952684258416742,79.52684258416743,0.6601208459214502,66.01208459214502,0.1903171953255425,0.7237449978208328,0.8824785498956481,0.9960494096892016,0.0039505903107982,0.1175214501043518,0.9947328629032258,91333,8789642,34862,12163,126195,103496,126195.0,103496.0,126.195,103.496,22699.0,0.2193224858931746,0.9011759276593336,22699.0,0.21932248589317463,55.179253208097904,13.06822504538813,BraTS20_Training_004_WT_evaluation.csv
BraTS20_Training_005,005,main_v1_005,WT,Moderate,Under-segmentation (missed tumor),0.6842912908870642,68.42912908870642,0.5200933049598953,52.00933049598952,0.3090588684732646,0.8371097352127519,0.5786550106998133,0.9997223231837012,0.0002776768162988,0.4213449893001866,0.998686491935484,12709,8903564,2473,9254,15182,21963,15182.0,21963.0,15.182,21.963,6781.0,0.3087465282520603,0.8174451473953426,-6781.0,-0.3087465282520603,36.069377593742864,6.220729431863308,BraTS20_Training_005_WT_evaluation.csv
BraTS20_Training_006,006,main_v1_006,WT,Good,Under-segmentation (missed tumor),0.8181783650782263,81.81783650782263,0.6923027476412568,69.23027476412568,0.6087869502523432,0.9920070411724372,0.696186166774402,0.9999111365981816,8.886340181845696e-05,0.3038138332255979,0.9951746191756272,96930,8787989,781,42300,97711,139230,97711.0,139230.0,97.711,139.23,41519.0,0.2982044099691158,0.8247707235134485,-41519.0,-0.29820440996911585,7.0,2.2631770363552075,BraTS20_Training_006_WT_evaluation.csv
BraTS20_Training_007,007,main_v1_007,WT,Moderate,Under-segmentation (missed tumor),0.685449904275686,68.54499042756859,0.521433079275693,52.1433079275693,0.2685930838465182,0.9377510040160644,0.5401287337825605,0.9998395630715144,0.0001604369284856,0.4598712662174394,0.9977916666666666,21482,8886802,1426,18290,22908,39772,22908.0,39772.0,22.908,39.772,16864.0,0.424016896308961,0.7309508615188258,-16864.0,-0.42401689630896106,8.774964387392123,3.8250942083826858,BraTS20_Training_007_WT_evaluation.csv
BraTS20_Training_008,008,main_v1_008,WT,Moderate,Under-segmentation (missed tumor),0.5327260736954909,53.272607369549085,0.3630719964043933,36.307199640439336,0.4660163121701583,0.8572091789361984,0.3864438198887759,0.9997579417697616,0.0002420582302384,0.613556180111224,0.9974603494623656,12925,8892401,2153,20521,15078,33446,15078.0,33446.0,15.078,33.446,18368.0,0.5491837588949351,0.621465666474322,-18368.0,-0.5491837588949351,10.246950765959598,3.086641079471954,BraTS20_Training_008_WT_evaluation.csv
BraTS20_Training_009,009,main_v1_009,WT,Good,Under-segmentation (missed tumor),0.7214279525171129,72.14279525171129,0.5642450528598536,56.42450528598536,0.7709122424086795,0.925332558219061,0.5911608244945219,0.9990012471260412,0.0009987528739588,0.408839175505478,0.9906373207885304,108238,8736172,8734,74856,116972,183094,116972.0,183094.0,116.972,183.094,66122.0,0.3611369023561668,0.7796418121346638,-66122.0,-0.3611369023561668,9.0,2.8073934229012707,BraTS20_Training_009_WT_evaluation.csv
BraTS20_Training_010,010,main_v1_010,WT,Poor,Under-segmentation (missed tumor),0.3422659015993163,34.22659015993163,0.2064661045034429,20.64661045034429,0.2174100893489794,0.5353766828988828,0.2515364945493697,0.9989044757322012,0.0010955242677987,0.7484635054506303,0.9951724910394264,11214,8873686,9732,33368,20946,44582,20946.0,44582.0,20.946,44.582,23636.0,0.5301691265533175,0.6392992308631424,-23636.0,-0.5301691265533175,53.749418601506754,14.378385841541448,BraTS20_Training_010_WT_evaluation.csv
BraTS20_Training_011,011,main_v1_011,WT,Moderate,Under-segmentation (missed tumor),0.6832408347544927,68.32408347544927,0.5188806372402228,51.88806372402228,0.2939866767208492,0.7482780212899186,0.6286051151822963,0.9986861072009396,0.0013138927990605,0.3713948848177036,0.996400873655914,34655,8861212,11658,20475,46313,55130,46313.0,55130.0,46.313,55.13,8817.0,0.1599310720116089,0.913084195065209,-8817.0,-0.15993107201160892,44.829677378652846,9.34494448465198,BraTS20_Training_011_WT_evaluation.csv
BraTS20_Training_012,012,main_v1_012,WT,Poor,Mixed (boundary errors),0.4185192602977501,41.851926029775015,0.2646375955084638,26.463759550846383,0.1991614692517024,0.4499551408577068,0.3911890424635736,0.998277080949992,0.001722919050008,0.6088109575364263,0.996097670250896,12538,8880622,15327,19513,27865,32051,27865.0,32051.0,27.865,32.051,4186.0,0.130604349318274,0.9301355230656252,-4186.0,-0.130604349318274,58.89821729050889,19.24694397917301,BraTS20_Training_012_WT_evaluation.csv
BraTS20_Training_013,013,main_v1_013,WT,Good,Under-segmentation (missed tumor),0.7067867606111232,70.67867606111233,0.5465353578850799,54.65353578850799,0.4300411842411998,0.8049802829330172,0.6299445391570815,0.999203752541332,0.0007962474586679,0.3700554608429185,0.9972871863799284,29191,8874589,7072,17148,36263,46339,36263.0,46339.0,36.263,46.339,10076.0,0.2174410323917218,0.8780174814169148,-10076.0,-0.21744103239172188,43.30819562338575,5.78317913828095,BraTS20_Training_013_WT_evaluation.csv
BraTS20_Training_014,014,main_v1_014,WT,Good,Mixed (boundary errors),0.7837128212489309,78.3712821248931,0.6443485016866475,64.43485016866475,0.2786169958311535,0.7547895810052648,0.8149410418428777,0.997594263938576,0.002405736061424,0.1850589581571222,0.995949484767025,65518,8826319,21285,14878,86803,80396,86803.0,80396.0,86.803,80.396,6407.0,0.0796930195532116,0.961680392825316,6407.0,0.0796930195532116,50.99019513592785,10.236431402588586,BraTS20_Training_014_WT_evaluation.csv
BraTS20_Training_015,015,main_v1_015,WT,Good,Under-segmentation (missed tumor),0.7827277146646403,78.27277146646404,0.6430177735041409,64.30177735041408,0.6277519692991315,0.9576279016052662,0.6618483960825944,0.9995831966803872,0.0004168033196129,0.3381516039174056,0.99484375,82921,8799044,3669,42366,86590,125287,86590.0,125287.0,86.59,125.287,38697.0,0.3088668417313847,0.8173610160612053,-38697.0,-0.30886684173138473,5.916079783099616,2.3398885139991004,BraTS20_Training_015_WT_evaluation.csv
BraTS20_Training_016,016,main_v1_016,WT,Excellent,None (excellent overlap),0.8880257789431123,88.80257789431123,0.7986028471946758,79.86028471946757,0.3507746921569352,0.9239771549013276,0.8547673147835112,0.9989836163962617,0.0010163836037383,0.1452326852164888,0.9969290994623656,108717,8791866,8945,18472,117662,127189,117662.0,127189.0,117.662,127.189,9527.0,0.0749042763132031,0.96109062246019,-9527.0,-0.07490427631320319,5.0,1.9520635499831684,BraTS20_Training_016_WT_evaluation.csv
BraTS20_Training_017,017,main_v1_017,WT,Excellent,None (excellent overlap),0.850433693819232,85.0433693819232,0.7397865518907286,73.97865518907287,0.4016466252137828,0.8655095161754429,0.8358740745151749,0.998517430472621,0.0014825695273789,0.164125925484825,0.996681899641577,84221,8814155,13087,16537,97308,100758,97308.0,100758.0,97.308,100.758,3450.0,0.0342404573334127,0.982581563721184,-3450.0,-0.03424045733341273,6.48074069840786,2.5984411572128043,BraTS20_Training_017_WT_evaluation.csv
BraTS20_Training_018,018,main_v1_018,WT,Poor,Under-segmentation (missed tumor),0.4045262560675786,40.45262560675786,0.2535461693468726,25.354616934687265,0.358655041300161,0.7000109086942293,0.2844540981426481,0.999380831581462,0.000619168418538,0.7155459018573518,0.9957679211469534,12834,8877382,5500,32284,18334,45118,18334.0,45118.0,18.334,45.118,26784.0,0.5936433352542223,0.5778856458425266,-26784.0,-0.5936433352542223,17.204650534085253,4.773644463165231,BraTS20_Training_018_WT_evaluation.csv
BraTS20_Training_019,019,main_v1_019,WT,Good,Mixed (boundary errors),0.7828783267351656,78.28783267351656,0.6432210878598154,64.32210878598154,0.2988069869288722,0.784637967019105,0.7811265611799895,0.9989430678249924,0.0010569321750077,0.2188734388200105,0.997874551971326,34211,8874813,9390,9586,43601,43797,43601.0,43797.0,43.601,43.797,196.0,0.0044751923647738,0.9977573857525344,-196.0,-0.004475192364773843,33.37663853655727,5.681439909131599,BraTS20_Training_019_WT_evaluation.csv
BraTS20_Training_020,020,main_v1_020,WT,Moderate,Under-segmentation (missed tumor),0.6958221318026593,69.58221318026592,0.5335331543115648,53.35331543115648,0.6879594604239526,0.961650851031782,0.5451316351216735,0.9995636587992334,0.0004363412007666,0.4548683648783264,0.9906218637992832,95766,8748506,3819,79909,99585,175675,99585.0,175675.0,99.585,175.675,76090.0,0.4331293581898391,0.7235704424907361,-76090.0,-0.43312935818983916,10.3440804327886,3.613672954941685,BraTS20_Training_020_WT_evaluation.csv
