metric,group,n_valid,n_missing,mean,std,sem,ci95_low,ci95_high,min,q1,median,q3,max,iqr,range,cv
dice,Overlap,20,0,0.6646220562275675,0.17886170593564513,0.03999469330436801,0.587791691804859,0.7341730453961116,0.2473597433269462,0.6456121444897422,0.7141073565641181,0.7830869503636069,0.8880257789431123,0.13747480587386463,0.6406660356161661,0.2691179208690038
dice_percentage,Overlap,20,0,66.46220562275676,17.886170593564508,3.9994693304368,58.07191031709842,73.9575198979749,24.73597433269462,64.56121444897423,71.41073565641182,78.30869503636069,88.80257789431123,13.747480587386463,64.0666035616166,0.2691179208690037
iou_jaccard,Overlap,20,0,0.5207827212050063,0.1826716805455142,0.04084662952638956,0.44173065203552336,0.5960320050708867,0.1411354910884544,0.47992847703126545,0.5553902053724667,0.6435029413165234,0.7986028471946758,0.16357446428525796,0.6574673561062214,0.3507637122115759
iou_percentage,Overlap,20,0,52.07827212050063,18.26716805455142,4.084662952638956,43.88497330922983,59.43788637161489,14.113549108845442,47.99284770312654,55.53902053724667,64.35029413165235,79.86028471946757,16.357446428525805,65.74673561062212,0.35076371221157593
bounding_box_iou,Overlap,20,0,0.40321591869171874,0.19032483171624884,0.04255792615237403,0.32812826095885206,0.4920907973134842,0.1903171953255425,0.2761110178349947,0.34686320339716625,0.5017089716907045,0.7709122424086795,0.2255979538557098,0.580595047083137,0.4720171572932439
precision,Classification,20,0,0.7873355413155305,0.1787498247335256,0.039969675907033646,0.7115198816883112,0.861519762041327,0.3682255389718076,0.7178114755391819,0.8210450090728845,0.9284371696683118,0.9920070411724372,0.2106256941291299,0.6237815022006297,0.22703131683203195
sensitivity_recall,Classification,20,0,0.5995709749964421,0.21130274429964466,0.047248730008626165,0.50511613074177,0.6868697682091378,0.1862314221491595,0.5028938109528138,0.6115702114625222,0.7895801813457115,0.8824785498956481,0.2866863703928977,0.6962471277464886,0.35242323780082674
specificity,Classification,20,0,0.9988440091865691,0.0010993752583247937,0.000245827781039563,0.998324661014639,0.9992845994837102,0.9960494096892016,0.99864393801886,0.9989924317611514,0.9996179783062157,0.9999111365981816,0.0009740402873557041,0.003861726908980012,0.0011006475968355603
false_positive_rate,Classification,20,0,0.0011559908134309979,0.0010993752583247456,0.00024582778103955226,0.0007259081731794233,0.0016526781373184455,8.886340181845696e-05,0.00038202169378437497,0.00100756823884855,0.0013560619811401,0.0039505903107982,0.000974040287355725,0.0038617269089797433,0.9510242171058293
false_negative_rate,Classification,20,0,0.400429025003558,0.21130274429964463,0.04724873000862616,0.31059536622033096,0.49274744533733744,0.1175214501043518,0.21041981865428844,0.3884297885374778,0.4971061890471861,0.8137685778508404,0.2866863703928977,0.6962471277464887,0.5276908792956932
voxel_accuracy,Classification,20,0,0.9954842125896057,0.002410682065623489,0.000539044897087373,0.9943829432683693,0.9964508334733423,0.9901935483870968,0.9950840893817203,0.9960235775089605,0.9970186211917563,0.998686491935484,0.0019345318100359998,0.008492943548387144,0.0024216175757850087
true_positive_voxels,Confusion counts,20,0,55217.7,40647.170131446255,9088.983550691288,38238.57,73756.04749999996,5551.0,12902.25,46013.0,92441.25,126029.0,79539.0,120478.0,0.7361257374256127
true_negative_voxels,Confusion counts,20,0,8832465.35,57317.38923083879,12816.557861296991,8807421.20375,8856837.479999999,8714419.0,8791310.0,8844333.5,8878192.0,8903564.0,86882.0,189145.0,0.006489398708010645
false_positive_voxels,Confusion counts,20,0,10228.8,9724.699636005542,2174.508944687585,6489.1137499999995,14633.15624999999,781.0,3370.0,8839.5,12015.25,34862.0,8645.25,34081.0,0.9507175461447621
false_negative_voxels,Confusion counts,20,0,30088.15,23733.820202347713,5307.04353382073,21167.16,41219.05625,9254.0,16122.25,19994.0,35601.0,85950.0,19478.75,76696.0,0.788809554670118
predicted_voxel_count,Volume,20,0,65446.5,42568.345222712145,9518.571360766278,47576.29875,84312.3075,15075.0,22417.5,66451.5,98179.5,127631.0,75762.0,112556.0,0.6504296673269334
ground_truth_voxel_count,Volume,20,0,85305.85,57619.91444144527,12884.204554879343,63308.042499999996,110526.49999999997,21963.0,42790.75,61069.0,125762.5,211979.0,82971.75,190016.0,0.6754509150479746
predicted_volume_mm3,Volume,20,0,65446.5,42568.345222712145,9518.571360766278,47153.25625,82872.89874999998,15075.0,22417.5,66451.5,98179.5,127631.0,75762.0,112556.0,0.6504296673269334
ground_truth_volume_mm3,Volume,20,0,85305.85,57619.91444144527,12884.204554879343,62580.625,110566.54499999998,21963.0,42790.75,61069.0,125762.5,211979.0,82971.75,190016.0,0.6754509150479746
predicted_volume_cm3,Volume,20,0,65.44649999999999,42.568345222712146,9.518571360766279,47.05905500000001,82.3949875,15.075,22.4175,66.45150000000001,98.17949999999999,127.631,75.76199999999999,112.556,0.6504296673269335
ground_truth_volume_cm3,Volume,20,0,85.30584999999999,57.61991444144528,12.884204554879346,61.947455,112.20754999999998,21.963,42.790749999999996,61.069,125.7625,211.979,82.97175000000001,190.01600000000002,0.6754509150479748
absolute_volume_difference_mm3,Volume,20,0,25159.95,24521.791802555843,5483.239340061196,15769.27125,36969.7675,196.0,8308.0,17616.0,29762.25,84348.0,21454.25,84152.0,0.9746359512859064
relative_volume_error,Volume,20,0,0.2988268265268419,0.1788271251294897,0.039986960801039986,0.22137427012063826,0.375484557769816,0.0044751923647738,0.15259939133827516,0.3088066849917225,0.4262950117791805,0.5936433352542223,0.27369562044090534,0.5891681428894485,0.598430626888268
volume_similarity,Volume,20,0,0.8164980808033514,0.1268165607014437,0.02835704504011565,0.762715905537441,0.8693248331309139,0.5778856458425266,0.7291057567618033,0.8211079354543955,0.917347027065313,0.9977573857525344,0.18824127030350968,0.4198717399100078,0.15531764701353498
signed_volume_difference_mm3,Volume,20,0,-19859.35,29197.722714505628,6528.809277782427,-32113.9425,-8368.603750000002,-84348.0,-29762.25,-12404.0,-4002.0,23900.0,25760.25,108248.0,1.470225496529626
signed_relative_volume_error,Volume,20,0,-0.23325789298315835,0.2621136982326461,0.05861040470820631,-0.3375948284601465,-0.11787839263302297,-0.5936433352542223,-0.4262950117791806,-0.3034754691105881,-0.06473832156825557,0.3566738299904489,0.36155669021092507,0.9503171652446711,1.1237077334466499
hd95_mm,Surface distance,20,0,28.122282779890675,20.708558916027936,4.630574545229782,19.49347714011822,37.09576860124326,5.0,8.731804607304749,25.290644535321263,46.89520609747859,58.89821729050889,38.16340149017384,53.89821729050889,0.7363754599194895
assd_mm,Surface distance,20,0,6.9563078876498325,5.032862112157359,1.1253821804167023,4.975905236764469,9.339053464289421,1.9520635499831684,3.016829165329283,5.227542186148415,10.621583519033027,19.24694397917301,7.604754353703744,17.294880429189842,0.7234961697271418
